site,wildtype,coverage,CODON,REF_AA,AA,FWD_CNT,FWD_DENOM,REV_CNT,REV_DENOM,CNT,DENOM,sor
1,CAT,223144,NA,NA,NA,NA,NA,NA,NA,NA,NA,NA
2,AGA,222726,NA,NA,NA,NA,NA,NA,NA,NA,NA,NA
3,CAT,221280,NA,NA,NA,NA,NA,NA,NA,NA,NA,NA
4,AGC,219943,NA,NA,NA,NA,NA,NA,NA,NA,NA,NA
5,GTG,224567,NA,NA,NA,NA,NA,NA,NA,NA,NA,NA
6,GGG,221141,NA,NA,NA,NA,NA,NA,NA,NA,NA,NA
7,ACC,219430,NA,NA,NA,NA,NA,NA,NA,NA,NA,NA
8,ACG,218177,NA,NA,NA,NA,NA,NA,NA,NA,NA,NA
9,CTT,215939,NA,NA,NA,NA,NA,NA,NA,NA,NA,NA
10,GAG,219981,NA,NA,NA,NA,NA,NA,NA,NA,NA,NA
11,GCA,219674,NA,NA,NA,NA,NA,NA,NA,NA,NA,NA
12,CTG,158586,NA,NA,NA,NA,NA,NA,NA,NA,NA,NA
13,TTC,158711,NA,NA,NA,NA,NA,NA,NA,NA,NA,NA
14,CAG,162276,NA,NA,NA,NA,NA,NA,NA,NA,NA,NA
15,GGA,166401,NA,NA,NA,NA,NA,NA,NA,NA,NA,NA
16,CCA,171925,---,P,-,0,30284,3,141644,3,171928,0.5489475321404198
17,CCA,173811,NA,NA,NA,NA,NA,NA,NA,NA,NA,NA
18,GTA,177870,NA,NA,NA,NA,NA,NA,NA,NA,NA,NA
19,TAC,178157,NA,NA,NA,NA,NA,NA,NA,NA,NA,NA
20,AGA,183746,NA,NA,NA,NA,NA,NA,NA,NA,NA,NA
21,GAG,183605,NA,NA,NA,NA,NA,NA,NA,NA,NA,NA
22,ATC,183892,NA,NA,NA,NA,NA,NA,NA,NA,NA,NA
23,AAA,181055,NA,NA,NA,NA,NA,NA,NA,NA,NA,NA
24,ATT,184044,NA,NA,NA,NA,NA,NA,NA,NA,NA,NA
25,AGC,186193,NA,NA,NA,NA,NA,NA,NA,NA,NA,NA
26,GTT,186698,NA,NA,NA,NA,NA,NA,NA,NA,NA,NA
27,GCA,189393,NA,NA,NA,NA,NA,NA,NA,NA,NA,NA
28,CCA,189465,---,P,-,4,54147,4,135326,8,189473,0.14850767005968324
29,GAG,192668,NA,NA,NA,NA,NA,NA,NA,NA,NA,NA
30,ACA,194944,NA,NA,NA,NA,NA,NA,NA,NA,NA,NA
31,CCA,196576,---,P,-,4,61048,6,135538,10,196586,0.33478153679108563
32,CCA,201438,NA,NA,NA,NA,NA,NA,NA,NA,NA,NA
33,CCG,203056,NA,NA,NA,NA,NA,NA,NA,NA,NA,NA
34,CCC,204604,NA,NA,NA,NA,NA,NA,NA,NA,NA,NA
35,GCC,208509,NA,NA,NA,NA,NA,NA,NA,NA,NA,NA
36,ATT,208147,NA,NA,NA,NA,NA,NA,NA,NA,NA,NA
37,GCG,209179,NA,NA,NA,NA,NA,NA,NA,NA,NA,NA
38,GAC,213652,NA,NA,NA,NA,NA,NA,NA,NA,NA,NA
39,CTG,214600,NA,NA,NA,NA,NA,NA,NA,NA,NA,NA
40,CTC,214395,NA,NA,NA,NA,NA,NA,NA,NA,NA,NA
41,AAA,214312,NA,NA,NA,NA,NA,NA,NA,NA,NA,NA
42,TCG,215186,NA,NA,NA,NA,NA,NA,NA,NA,NA,NA
43,GTA,213510,NA,NA,NA,NA,NA,NA,NA,NA,NA,NA
44,GAC,210678,NA,NA,NA,NA,NA,NA,NA,NA,NA,NA
45,AGT,210022,NA,NA,NA,NA,NA,NA,NA,NA,NA,NA
46,GAG,206666,NA,NA,NA,NA,NA,NA,NA,NA,NA,NA
47,GCT,199685,NA,NA,NA,NA,NA,NA,NA,NA,NA,NA
48,GTG,199137,NA,NA,NA,NA,NA,NA,NA,NA,NA,NA
49,AGG,199399,NA,NA,NA,NA,NA,NA,NA,NA,NA,NA
50,GAG,202199,NA,NA,NA,NA,NA,NA,NA,NA,NA,NA
51,TAC,201452,NA,NA,NA,NA,NA,NA,NA,NA,NA,NA
52,TGC,201800,NA,NA,NA,NA,NA,NA,NA,NA,NA,NA
53,AAA,202099,NA,NA,NA,NA,NA,NA,NA,NA,NA,NA
54,GAA,199181,---,E,-,2,106126,0,93067,2,199193,2.069563023981499
55,AAA,194889,NA,NA,NA,NA,NA,NA,NA,NA,NA,NA
56,GGA,195675,NA,NA,NA,NA,NA,NA,NA,NA,NA,NA
57,TGG,199109,---,W,-,1,112808,0,86302,1,199110,1.2063070522927863
58,TTG,201125,NA,NA,NA,NA,NA,NA,NA,NA,NA,NA
59,GTT,203490,NA,NA,NA,NA,NA,NA,NA,NA,NA,NA
60,CCT,205416,---,P,-,5,118111,6,87316,11,205427,0.6458645286837513
61,GAG,206497,---,E,-,1,118384,4,88118,5,206502,1.9175174238508768
62,ATC,210563,NA,NA,NA,NA,NA,NA,NA,NA,NA,NA
63,AAC,210141,NA,NA,NA,NA,NA,NA,NA,NA,NA,NA
64,TCC,212913,NA,NA,NA,NA,NA,NA,NA,NA,NA,NA
65,ACC,216909,NA,NA,NA,NA,NA,NA,NA,NA,NA,NA
66,CTC,217242,NA,NA,NA,NA,NA,NA,NA,NA,NA,NA
67,CAA,222147,NA,NA,NA,NA,NA,NA,NA,NA,NA,NA
68,ATT,224125,NA,NA,NA,NA,NA,NA,NA,NA,NA,NA
69,GAG,226059,NA,NA,NA,NA,NA,NA,NA,NA,NA,NA
70,AAA,227463,NA,NA,NA,NA,NA,NA,NA,NA,NA,NA
71,CAT,227922,NA,NA,NA,NA,NA,NA,NA,NA,NA,NA
72,GTC,226655,NA,NA,NA,NA,NA,NA,NA,NA,NA,NA
73,AGT,227737,NA,NA,NA,NA,NA,NA,NA,NA,NA,NA
74,CGG,228686,NA,NA,NA,NA,NA,NA,NA,NA,NA,NA
75,GCT,228828,NA,NA,NA,NA,NA,NA,NA,NA,NA,NA
76,TTC,227675,NA,NA,NA,NA,NA,NA,NA,NA,NA,NA
77,ATT,229573,NA,NA,NA,NA,NA,NA,NA,NA,NA,NA
78,TGC,233620,NA,NA,NA,NA,NA,NA,NA,NA,NA,NA
79,TTA,233567,NA,NA,NA,NA,NA,NA,NA,NA,NA,NA
80,CAG,234303,NA,NA,NA,NA,NA,NA,NA,NA,NA,NA
81,GCA,236714,NA,NA,NA,NA,NA,NA,NA,NA,NA,NA
82,TTG,235025,NA,NA,NA,NA,NA,NA,NA,NA,NA,NA
83,ACC,236062,NA,NA,NA,NA,NA,NA,NA,NA,NA,NA
84,ACA,236404,NA,NA,NA,NA,NA,NA,NA,NA,NA,NA
85,TTT,234356,NA,NA,NA,NA,NA,NA,NA,NA,NA,NA
86,GTG,231865,NA,NA,NA,NA,NA,NA,NA,NA,NA,NA
87,TCA,232535,NA,NA,NA,NA,NA,NA,NA,NA,NA,NA
88,GTG,232979,NA,NA,NA,NA,NA,NA,NA,NA,NA,NA
89,GCT,231189,NA,NA,NA,NA,NA,NA,NA,NA,NA,NA
90,GGA,230936,NA,NA,NA,NA,NA,NA,NA,NA,NA,NA
91,ATC,232694,NA,NA,NA,NA,NA,NA,NA,NA,NA,NA
92,ATA,234102,NA,NA,NA,NA,NA,NA,NA,NA,NA,NA
93,TAT,233900,NA,NA,NA,NA,NA,NA,NA,NA,NA,NA
94,ATA,237734,---,I,-,1,125087,1,112649,2,237736,0.5938897382715849
95,ATA,237198,NA,NA,NA,NA,NA,NA,NA,NA,NA,NA
96,TAT,231224,NA,NA,NA,NA,NA,NA,NA,NA,NA,NA
97,AAG,232485,NA,NA,NA,NA,NA,NA,NA,NA,NA,NA
98,CTC,231773,NA,NA,NA,NA,NA,NA,NA,NA,NA,NA
99,TTT,229872,NA,NA,NA,NA,NA,NA,NA,NA,NA,NA
100,GCG,231519,NA,NA,NA,NA,NA,NA,NA,NA,NA,NA
101,GGT,236623,NA,NA,NA,NA,NA,NA,NA,NA,NA,NA
102,TTT,238164,NA,NA,NA,NA,NA,NA,NA,NA,NA,NA
103,CAA,236279,NA,NA,NA,NA,NA,NA,NA,NA,NA,NA
104,GGT,238099,NA,NA,NA,NA,NA,NA,NA,NA,NA,NA
105,GCT,238185,NA,NA,NA,NA,NA,NA,NA,NA,NA,NA
106,TAT,235621,NA,NA,NA,NA,NA,NA,NA,NA,NA,NA
107,ACA,241058,NA,NA,NA,NA,NA,NA,NA,NA,NA,NA
108,GGA,242698,NA,NA,NA,NA,NA,NA,NA,NA,NA,NA
109,GTG,242239,NA,NA,NA,NA,NA,NA,NA,NA,NA,NA
110,CCC,241632,NA,NA,NA,NA,NA,NA,NA,NA,NA,NA
111,AAC,243838,NA,NA,NA,NA,NA,NA,NA,NA,NA,NA
112,CAG,245350,NA,NA,NA,NA,NA,NA,NA,NA,NA,NA
113,AAG,243611,NA,NA,NA,NA,NA,NA,NA,NA,NA,NA
114,CCC,244279,NA,NA,NA,NA,NA,NA,NA,NA,NA,NA
115,AGA,251463,NA,NA,NA,NA,NA,NA,NA,NA,NA,NA
116,GTG,251419,NA,NA,NA,NA,NA,NA,NA,NA,NA,NA
117,CCT,252651,NA,NA,NA,NA,NA,NA,NA,NA,NA,NA
118,ACC,253615,NA,NA,NA,NA,NA,NA,NA,NA,NA,NA
119,CTG,258717,NA,NA,NA,NA,NA,NA,NA,NA,NA,NA
120,AGG,260263,NA,NA,NA,NA,NA,NA,NA,NA,NA,NA
121,CAA,261004,NA,NA,NA,NA,NA,NA,NA,NA,NA,NA
122,GCA,263830,NA,NA,NA,NA,NA,NA,NA,NA,NA,NA
123,AAA,264389,NA,NA,NA,NA,NA,NA,NA,NA,NA,NA
124,GTG,261579,NA,NA,NA,NA,NA,NA,NA,NA,NA,NA
125,CAA,264543,NA,NA,NA,NA,NA,NA,NA,NA,NA,NA
126,GGC,262264,NA,NA,NA,NA,NA,NA,NA,NA,NA,NA
127,CCT,265514,NA,NA,NA,NA,NA,NA,NA,NA,NA,NA
128,GCC,261810,NA,NA,NA,NA,NA,NA,NA,NA,NA,NA
129,TTT,266859,NA,NA,NA,NA,NA,NA,NA,NA,NA,NA
130,GAG,264887,NA,NA,NA,NA,NA,NA,NA,NA,NA,NA
131,TTC,270364,NA,NA,NA,NA,NA,NA,NA,NA,NA,NA
132,GCC,273481,NA,NA,NA,NA,NA,NA,NA,NA,NA,NA
133,GTC,272058,NA,NA,NA,NA,NA,NA,NA,NA,NA,NA
134,GCA,275373,NA,NA,NA,NA,NA,NA,NA,NA,NA,NA
135,ATG,272555,NA,NA,NA,NA,NA,NA,NA,NA,NA,NA
136,ATG,272577,NA,NA,NA,NA,NA,NA,NA,NA,NA,NA
137,AAA,273375,NA,NA,NA,NA,NA,NA,NA,NA,NA,NA
138,AGG,277038,NA,NA,NA,NA,NA,NA,NA,NA,NA,NA
139,AAC,279596,NA,NA,NA,NA,NA,NA,NA,NA,NA,NA
140,TCA,275188,NA,NA,NA,NA,NA,NA,NA,NA,NA,NA
141,AGC,278762,NA,NA,NA,NA,NA,NA,NA,NA,NA,NA
142,ACG,281194,NA,NA,NA,NA,NA,NA,NA,NA,NA,NA
143,GTG,282279,NA,NA,NA,NA,NA,NA,NA,NA,NA,NA
144,AAA,282454,NA,NA,NA,NA,NA,NA,NA,NA,NA,NA
145,ACT,284452,NA,NA,NA,NA,NA,NA,NA,NA,NA,NA
146,GAA,284458,NA,NA,NA,NA,NA,NA,NA,NA,NA,NA
147,TAT,280353,NA,NA,NA,NA,NA,NA,NA,NA,NA,NA
148,GGC,283834,NA,NA,NA,NA,NA,NA,NA,NA,NA,NA
149,GAG,285761,NA,NA,NA,NA,NA,NA,NA,NA,NA,NA
150,TTT,283692,NA,NA,NA,NA,NA,NA,NA,NA,NA,NA
151,ACC,282403,NA,NA,NA,NA,NA,NA,NA,NA,NA,NA
152,ATG,282858,NA,NA,NA,NA,NA,NA,NA,NA,NA,NA
153,CTG,282578,NA,NA,NA,NA,NA,NA,NA,NA,NA,NA
154,GGC,280768,NA,NA,NA,NA,NA,NA,NA,NA,NA,NA
155,ATC,283390,NA,NA,NA,NA,NA,NA,NA,NA,NA,NA
156,TAT,279813,NA,NA,NA,NA,NA,NA,NA,NA,NA,NA
157,GAC,281714,NA,NA,NA,NA,NA,NA,NA,NA,NA,NA
158,AGG,277348,NA,NA,NA,NA,NA,NA,NA,NA,NA,NA
159,TGG,275382,NA,NA,NA,NA,NA,NA,NA,NA,NA,NA
160,GCC,276772,NA,NA,NA,NA,NA,NA,NA,NA,NA,NA
161,GTT,277859,NA,NA,NA,NA,NA,NA,NA,NA,NA,NA
162,TTG,278230,NA,NA,NA,NA,NA,NA,NA,NA,NA,NA
163,CCA,278731,NA,NA,NA,NA,NA,NA,NA,NA,NA,NA
164,CGC,278857,NA,NA,NA,NA,NA,NA,NA,NA,NA,NA
165,CAC,276372,NA,NA,NA,NA,NA,NA,NA,NA,NA,NA
166,GCC,273990,NA,NA,NA,NA,NA,NA,NA,NA,NA,NA
167,AAA,275411,NA,NA,NA,NA,NA,NA,NA,NA,NA,NA
168,CCT,274526,NA,NA,NA,NA,NA,NA,NA,NA,NA,NA
169,GGG,276686,NA,NA,NA,NA,NA,NA,NA,NA,NA,NA
170,CCA,272207,NA,NA,NA,NA,NA,NA,NA,NA,NA,NA
171,ACC,276680,NA,NA,NA,NA,NA,NA,NA,NA,NA,NA
172,ATC,275971,NA,NA,NA,NA,NA,NA,NA,NA,NA,NA
173,TTG,277867,NA,NA,NA,NA,NA,NA,NA,NA,NA,NA
174,ATG,278948,NA,NA,NA,NA,NA,NA,NA,NA,NA,NA
175,AAT,277023,NA,NA,NA,NA,NA,NA,NA,NA,NA,NA
176,GAT,277293,NA,NA,NA,NA,NA,NA,NA,NA,NA,NA
177,CAA,276007,NA,NA,NA,NA,NA,NA,NA,NA,NA,NA
178,GAG,274686,NA,NA,NA,NA,NA,NA,NA,NA,NA,NA
179,GTT,272764,NA,NA,NA,NA,NA,NA,NA,NA,NA,NA
180,GGT,272969,NA,NA,NA,NA,NA,NA,NA,NA,NA,NA
181,GTG,277130,NA,NA,NA,NA,NA,NA,NA,NA,NA,NA
182,CTA,278532,NA,NA,NA,NA,NA,NA,NA,NA,NA,NA
183,GAT,274364,NA,NA,NA,NA,NA,NA,NA,NA,NA,NA
184,GCC,269506,NA,NA,NA,NA,NA,NA,NA,NA,NA,NA
185,AAG,267751,NA,NA,NA,NA,NA,NA,NA,NA,NA,NA
186,GAG,271418,NA,NA,NA,NA,NA,NA,NA,NA,NA,NA
187,CTA,270208,NA,NA,NA,NA,NA,NA,NA,NA,NA,NA
188,GTA,265550,NA,NA,NA,NA,NA,NA,NA,NA,NA,NA
189,GAC,271642,NA,NA,NA,NA,NA,NA,NA,NA,NA,NA
190,AAG,270937,NA,NA,NA,NA,NA,NA,NA,NA,NA,NA
191,GAC,271888,NA,NA,NA,NA,NA,NA,NA,NA,NA,NA
192,GGC,268671,NA,NA,NA,NA,NA,NA,NA,NA,NA,NA
193,ACC,270999,NA,NA,NA,NA,NA,NA,NA,NA,NA,NA
194,AAC,273229,NA,NA,NA,NA,NA,NA,NA,NA,NA,NA
195,TTA,272307,NA,NA,NA,NA,NA,NA,NA,NA,NA,NA
196,GAA,271763,NA,NA,NA,NA,NA,NA,NA,NA,NA,NA
197,CTG,274074,NA,NA,NA,NA,NA,NA,NA,NA,NA,NA
198,ACA,278292,NA,NA,NA,NA,NA,NA,NA,NA,NA,NA
199,CTA,278069,NA,NA,NA,NA,NA,NA,NA,NA,NA,NA
200,CTC,280975,NA,NA,NA,NA,NA,NA,NA,NA,NA,NA
201,AAA,280831,NA,NA,NA,NA,NA,NA,NA,NA,NA,NA
202,TTG,280089,NA,NA,NA,NA,NA,NA,NA,NA,NA,NA
203,AAC,279719,NA,NA,NA,NA,NA,NA,NA,NA,NA,NA
204,CGG,278511,NA,NA,NA,NA,NA,NA,NA,NA,NA,NA
205,AAT,277723,NA,NA,NA,NA,NA,NA,NA,NA,NA,NA
206,GAG,276941,NA,NA,NA,NA,NA,NA,NA,NA,NA,NA
207,AAG,278619,NA,NA,NA,NA,NA,NA,NA,NA,NA,NA
208,TTC,278864,NA,NA,NA,NA,NA,NA,NA,NA,NA,NA
209,AGA,276830,NA,NA,NA,NA,NA,NA,NA,NA,NA,NA
210,GAC,276604,NA,NA,NA,NA,NA,NA,NA,NA,NA,NA
211,ATC,276201,NA,NA,NA,NA,NA,NA,NA,NA,NA,NA
212,AGA,269126,NA,NA,NA,NA,NA,NA,NA,NA,NA,NA
213,GGC,271464,NA,NA,NA,NA,NA,NA,NA,NA,NA,NA
214,TTC,270730,NA,NA,NA,NA,NA,NA,NA,NA,NA,NA
215,TTA,267657,NA,NA,NA,NA,NA,NA,NA,NA,NA,NA
216,GCC,267322,NA,NA,NA,NA,NA,NA,NA,NA,NA,NA
217,AAG,265366,NA,NA,NA,NA,NA,NA,NA,NA,NA,NA
218,GAG,263340,NA,NA,NA,NA,NA,NA,NA,NA,NA,NA
219,GAA,259124,NA,NA,NA,NA,NA,NA,NA,NA,NA,NA
220,GTG,259216,NA,NA,NA,NA,NA,NA,NA,NA,NA,NA
221,GAG,263013,NA,NA,NA,NA,NA,NA,NA,NA,NA,NA
222,GTT,262556,NA,NA,NA,NA,NA,NA,NA,NA,NA,NA
223,AAT,260965,NA,NA,NA,NA,NA,NA,NA,NA,NA,NA
224,GAG,259077,NA,NA,NA,NA,NA,NA,NA,NA,NA,NA
225,GCA,259338,NA,NA,NA,NA,NA,NA,NA,NA,NA,NA
226,GTG,255741,NA,NA,NA,NA,NA,NA,NA,NA,NA,NA
227,CTA,258725,NA,NA,NA,NA,NA,NA,NA,NA,NA,NA
228,GCA,260184,NA,NA,NA,NA,NA,NA,NA,NA,NA,NA
229,ATT,259612,NA,NA,NA,NA,NA,NA,NA,NA,NA,NA
230,AAC,259197,NA,NA,NA,NA,NA,NA,NA,NA,NA,NA
231,ACC,260009,NA,NA,NA,NA,NA,NA,NA,NA,NA,NA
232,AGC,259500,NA,NA,NA,NA,NA,NA,NA,NA,NA,NA
233,AAG,261006,NA,NA,NA,NA,NA,NA,NA,NA,NA,NA
234,TTT,264803,NA,NA,NA,NA,NA,NA,NA,NA,NA,NA
235,CCC,266050,NA,NA,NA,NA,NA,NA,NA,NA,NA,NA
236,AAC,267673,NA,NA,NA,NA,NA,NA,NA,NA,NA,NA
237,ATG,268996,NA,NA,NA,NA,NA,NA,NA,NA,NA,NA
238,TAC,266081,NA,NA,NA,NA,NA,NA,NA,NA,NA,NA
239,ATT,266197,NA,NA,NA,NA,NA,NA,NA,NA,NA,NA
240,CCA,268874,NA,NA,NA,NA,NA,NA,NA,NA,NA,NA
241,GTA,267956,NA,NA,NA,NA,NA,NA,NA,NA,NA,NA
242,GGA,267852,NA,NA,NA,NA,NA,NA,NA,NA,NA,NA
243,CAG,269734,NA,NA,NA,NA,NA,NA,NA,NA,NA,NA
244,GTC,267874,NA,NA,NA,NA,NA,NA,NA,NA,NA,NA
245,ACA,269725,NA,NA,NA,NA,NA,NA,NA,NA,NA,NA
246,GAA,269568,NA,NA,NA,NA,NA,NA,NA,NA,NA,NA
247,TAC,267749,NA,NA,NA,NA,NA,NA,NA,NA,NA,NA
248,GGC,269369,NA,NA,NA,NA,NA,NA,NA,NA,NA,NA
249,TTC,267095,NA,NA,NA,NA,NA,NA,NA,NA,NA,NA
250,CTA,265488,NA,NA,NA,NA,NA,NA,NA,NA,NA,NA
251,AAC,265070,NA,NA,NA,NA,NA,NA,NA,NA,NA,NA
252,CTA,268169,NA,NA,NA,NA,NA,NA,NA,NA,NA,NA
253,GGT,270184,NA,NA,NA,NA,NA,NA,NA,NA,NA,NA
254,GGC,273502,NA,NA,NA,NA,NA,NA,NA,NA,NA,NA
255,ACA,277184,NA,NA,NA,NA,NA,NA,NA,NA,NA,NA
256,CCC,278505,NA,NA,NA,NA,NA,NA,NA,NA,NA,NA
257,ACC,275537,NA,NA,NA,NA,NA,NA,NA,NA,NA,NA
258,AAG,272738,NA,NA,NA,NA,NA,NA,NA,NA,NA,NA
259,AGA,274825,NA,NA,NA,NA,NA,NA,NA,NA,NA,NA
260,ATG,275422,NA,NA,NA,NA,NA,NA,NA,NA,NA,NA
261,CTT,278181,NA,NA,NA,NA,NA,NA,NA,NA,NA,NA
262,ATG,285070,NA,NA,NA,NA,NA,NA,NA,NA,NA,NA
263,TAC,284119,NA,NA,NA,NA,NA,NA,NA,NA,NA,NA
264,AAC,286255,NA,NA,NA,NA,NA,NA,NA,NA,NA,NA
265,TTC,284319,NA,NA,NA,NA,NA,NA,NA,NA,NA,NA
266,CCC,284112,NA,NA,NA,NA,NA,NA,NA,NA,NA,NA
267,ACA,283253,NA,NA,NA,NA,NA,NA,NA,NA,NA,NA
268,AGA,285657,NA,NA,NA,NA,NA,NA,NA,NA,NA,NA
269,GCA,287838,NA,NA,NA,NA,NA,NA,NA,NA,NA,NA
270,GGC,289258,NA,NA,NA,NA,NA,NA,NA,NA,NA,NA
271,CAG,291579,NA,NA,NA,NA,NA,NA,NA,NA,NA,NA
272,TGT,296857,NA,NA,NA,NA,NA,NA,NA,NA,NA,NA
273,GGT,297858,NA,NA,NA,NA,NA,NA,NA,NA,NA,NA
274,GGA,300511,NA,NA,NA,NA,NA,NA,NA,NA,NA,NA
275,GTG,302194,NA,NA,NA,NA,NA,NA,NA,NA,NA,NA
276,CTC,299539,NA,NA,NA,NA,NA,NA,NA,NA,NA,NA
277,ATG,300089,NA,NA,NA,NA,NA,NA,NA,NA,NA,NA
278,TCC,298917,NA,NA,NA,NA,NA,NA,NA,NA,NA,NA
279,ACC,295410,NA,NA,NA,NA,NA,NA,NA,NA,NA,NA
280,GGC,294872,NA,NA,NA,NA,NA,NA,NA,NA,NA,NA
281,AAG,293907,NA,NA,NA,NA,NA,NA,NA,NA,NA,NA
282,GTA,296183,NA,NA,NA,NA,NA,NA,NA,NA,NA,NA
283,CTG,295823,NA,NA,NA,NA,NA,NA,NA,NA,NA,NA
284,GGT,292651,NA,NA,NA,NA,NA,NA,NA,NA,NA,NA
285,ATC,296179,NA,NA,NA,NA,NA,NA,NA,NA,NA,NA
286,CAT,293504,NA,NA,NA,NA,NA,NA,NA,NA,NA,NA
287,GTT,294650,NA,NA,NA,NA,NA,NA,NA,NA,NA,NA
288,GGT,291716,NA,NA,NA,NA,NA,NA,NA,NA,NA,NA
289,GGA,291409,NA,NA,NA,NA,NA,NA,NA,NA,NA,NA
290,AAT,276451,NA,NA,NA,NA,NA,NA,NA,NA,NA,NA
291,GGC,286272,NA,NA,NA,NA,NA,NA,NA,NA,NA,NA
292,CAT,282882,NA,NA,NA,NA,NA,NA,NA,NA,NA,NA
293,CAG,280971,NA,NA,NA,NA,NA,NA,NA,NA,NA,NA
294,GGC,281230,NA,NA,NA,NA,NA,NA,NA,NA,NA,NA
295,TTC,281824,NA,NA,NA,NA,NA,NA,NA,NA,NA,NA
296,TCA,286178,NA,NA,NA,NA,NA,NA,NA,NA,NA,NA
297,GCA,286657,NA,NA,NA,NA,NA,NA,NA,NA,NA,NA
298,GCA,287813,NA,NA,NA,NA,NA,NA,NA,NA,NA,NA
299,CTC,288357,NA,NA,NA,NA,NA,NA,NA,NA,NA,NA
300,CTC,291543,NA,NA,NA,NA,NA,NA,NA,NA,NA,NA
301,AAA,289517,NA,NA,NA,NA,NA,NA,NA,NA,NA,NA
302,CAC,289504,NA,NA,NA,NA,NA,NA,NA,NA,NA,NA
303,TAC,289949,NA,NA,NA,NA,NA,NA,NA,NA,NA,NA
304,TTC,286839,NA,NA,NA,NA,NA,NA,NA,NA,NA,NA
305,AAT,288285,NA,NA,NA,NA,NA,NA,NA,NA,NA,NA
306,GAT,285177,NA,NA,NA,NA,NA,NA,NA,NA,NA,NA
307,GAG,284637,NA,NA,NA,NA,NA,NA,NA,NA,NA,NA
308,CAA,280677,NA,NA,NA,NA,NA,NA,NA,NA,NA,NA
309,GGT,282107,NA,NA,NA,NA,NA,NA,NA,NA,NA,NA
310,GAA,278536,NA,NA,NA,NA,NA,NA,NA,NA,NA,NA
311,ATA,275094,NA,NA,NA,NA,NA,NA,NA,NA,NA,NA
312,GAA,278402,NA,NA,NA,NA,NA,NA,NA,NA,NA,NA
313,TTT,274742,NA,NA,NA,NA,NA,NA,NA,NA,NA,NA
314,ATT,273785,NA,NA,NA,NA,NA,NA,NA,NA,NA,NA
315,GAG,272769,NA,NA,NA,NA,NA,NA,NA,NA,NA,NA
316,AGC,270840,NA,NA,NA,NA,NA,NA,NA,NA,NA,NA
317,TCA,267721,NA,NA,NA,NA,NA,NA,NA,NA,NA,NA
318,AAG,268300,NA,NA,NA,NA,NA,NA,NA,NA,NA,NA
319,GAC,269257,NA,NA,NA,NA,NA,NA,NA,NA,NA,NA
320,GCC,266515,NA,NA,NA,NA,NA,NA,NA,NA,NA,NA
321,GGG,271573,NA,NA,NA,NA,NA,NA,NA,NA,NA,NA
322,TTT,279337,NA,NA,NA,NA,NA,NA,NA,NA,NA,NA
323,CCA,280833,NA,NA,NA,NA,NA,NA,NA,NA,NA,NA
324,GTC,281389,NA,NA,NA,NA,NA,NA,NA,NA,NA,NA
325,ATC,283828,---,I,-,0,146079,1,137750,1,283829,1.5870322698412649
326,AAC,281802,NA,NA,NA,NA,NA,NA,NA,NA,NA,NA
327,ACA,284520,NA,NA,NA,NA,NA,NA,NA,NA,NA,NA
328,CCA,285948,NA,NA,NA,NA,NA,NA,NA,NA,NA,NA
329,AGT,286892,NA,NA,NA,NA,NA,NA,NA,NA,NA,NA
330,AAA,285859,NA,NA,NA,NA,NA,NA,NA,NA,NA,NA
331,ACA,286002,NA,NA,NA,NA,NA,NA,NA,NA,NA,NA
332,AAG,283863,NA,NA,NA,NA,NA,NA,NA,NA,NA,NA
333,TTG,282336,NA,NA,NA,NA,NA,NA,NA,NA,NA,NA
334,GAG,283372,NA,NA,NA,NA,NA,NA,NA,NA,NA,NA
335,CCT,282580,NA,NA,NA,NA,NA,NA,NA,NA,NA,NA
336,AGT,285229,NA,NA,NA,NA,NA,NA,NA,NA,NA,NA
337,GTT,285727,NA,NA,NA,NA,NA,NA,NA,NA,NA,NA
338,TTC,284620,NA,NA,NA,NA,NA,NA,NA,NA,NA,NA
339,CAC,279666,---,H,-,1,138017,0,141650,1,279667,1.5992588232464402
340,CAG,277918,NA,NA,NA,NA,NA,NA,NA,NA,NA,NA
341,GTC,273843,NA,NA,NA,NA,NA,NA,NA,NA,NA,NA
342,TTT,271895,NA,NA,NA,NA,NA,NA,NA,NA,NA,NA
343,GAG,276018,NA,NA,NA,NA,NA,NA,NA,NA,NA,NA
344,GGG,279969,NA,NA,NA,NA,NA,NA,NA,NA,NA,NA
345,AAC,275517,NA,NA,NA,NA,NA,NA,NA,NA,NA,NA
346,AAA,275070,NA,NA,NA,NA,NA,NA,NA,NA,NA,NA
347,GAA,279141,NA,NA,NA,NA,NA,NA,NA,NA,NA,NA
348,CCA,277460,NA,NA,NA,NA,NA,NA,NA,NA,NA,NA
349,GCA,276844,NA,NA,NA,NA,NA,NA,NA,NA,NA,NA
350,GTA,279895,NA,NA,NA,NA,NA,NA,NA,NA,NA,NA
351,CTC,279067,NA,NA,NA,NA,NA,NA,NA,NA,NA,NA
352,AGG,279107,NA,NA,NA,NA,NA,NA,NA,NA,NA,NA
353,AGT,277499,NA,NA,NA,NA,NA,NA,NA,NA,NA,NA
354,GGG,278379,NA,NA,NA,NA,NA,NA,NA,NA,NA,NA
355,GAT,275319,NA,NA,NA,NA,NA,NA,NA,NA,NA,NA
356,CCA,277782,NA,NA,NA,NA,NA,NA,NA,NA,NA,NA
357,CGT,273179,NA,NA,NA,NA,NA,NA,NA,NA,NA,NA
358,CTC,270992,NA,NA,NA,NA,NA,NA,NA,NA,NA,NA
359,AAG,264441,NA,NA,NA,NA,NA,NA,NA,NA,NA,NA
360,GCC,264606,NA,NA,NA,NA,NA,NA,NA,NA,NA,NA
361,AAT,257142,NA,NA,NA,NA,NA,NA,NA,NA,NA,NA
362,TTT,254109,NA,NA,NA,NA,NA,NA,NA,NA,NA,NA
363,GAA,258244,NA,NA,NA,NA,NA,NA,NA,NA,NA,NA
364,GAG,256163,NA,NA,NA,NA,NA,NA,NA,NA,NA,NA
365,GCT,257552,NA,NA,NA,NA,NA,NA,NA,NA,NA,NA
366,ATA,254660,NA,NA,NA,NA,NA,NA,NA,NA,NA,NA
367,TTT,257463,NA,NA,NA,NA,NA,NA,NA,NA,NA,NA
368,TCC,258674,NA,NA,NA,NA,NA,NA,NA,NA,NA,NA
369,AAG,258194,NA,NA,NA,NA,NA,NA,NA,NA,NA,NA
370,TAT,257873,NA,NA,NA,NA,NA,NA,NA,NA,NA,NA
371,ATA,254839,NA,NA,NA,NA,NA,NA,NA,NA,NA,NA
372,GGA,257073,NA,NA,NA,NA,NA,NA,NA,NA,NA,NA
373,AAT,261454,NA,NA,NA,NA,NA,NA,NA,NA,NA,NA
374,GTC,262254,NA,NA,NA,NA,NA,NA,NA,NA,NA,NA
375,AAC,264391,NA,NA,NA,NA,NA,NA,NA,NA,NA,NA
376,ACA,266730,NA,NA,NA,NA,NA,NA,NA,NA,NA,NA
377,CAC,268176,NA,NA,NA,NA,NA,NA,NA,NA,NA,NA
378,GTG,269795,NA,NA,NA,NA,NA,NA,NA,NA,NA,NA
379,GAT,275727,NA,NA,NA,NA,NA,NA,NA,NA,NA,NA
380,GAG,278498,NA,NA,NA,NA,NA,NA,NA,NA,NA,NA
381,TAC,279097,NA,NA,NA,NA,NA,NA,NA,NA,NA,NA
382,ATG,278639,NA,NA,NA,NA,NA,NA,NA,NA,NA,NA
383,CTG,275810,NA,NA,NA,NA,NA,NA,NA,NA,NA,NA
384,GAA,276953,NA,NA,NA,NA,NA,NA,NA,NA,NA,NA
385,GCA,278232,NA,NA,NA,NA,NA,NA,NA,NA,NA,NA
386,GTG,277338,NA,NA,NA,NA,NA,NA,NA,NA,NA,NA
387,GAC,281172,NA,NA,NA,NA,NA,NA,NA,NA,NA,NA
388,CAC,283130,NA,NA,NA,NA,NA,NA,NA,NA,NA,NA
389,TAC,280771,NA,NA,NA,NA,NA,NA,NA,NA,NA,NA
390,GCA,278289,NA,NA,NA,NA,NA,NA,NA,NA,NA,NA
391,GGC,277797,NA,NA,NA,NA,NA,NA,NA,NA,NA,NA
392,CAA,280757,NA,NA,NA,NA,NA,NA,NA,NA,NA,NA
393,CTA,276509,NA,NA,NA,NA,NA,NA,NA,NA,NA,NA
394,GCC,278496,NA,NA,NA,NA,NA,NA,NA,NA,NA,NA
395,ACC,279000,NA,NA,NA,NA,NA,NA,NA,NA,NA,NA
396,CTA,283380,NA,NA,NA,NA,NA,NA,NA,NA,NA,NA
397,GAT,285219,NA,NA,NA,NA,NA,NA,NA,NA,NA,NA
398,ATC,288620,NA,NA,NA,NA,NA,NA,NA,NA,NA,NA
399,AGC,290921,NA,NA,NA,NA,NA,NA,NA,NA,NA,NA
400,ACT,293137,NA,NA,NA,NA,NA,NA,NA,NA,NA,NA
401,GAA,295052,NA,NA,NA,NA,NA,NA,NA,NA,NA,NA
402,CCA,293511,NA,NA,NA,NA,NA,NA,NA,NA,NA,NA
403,ATG,292546,---,M,-,1,148426,0,144121,1,292547,1.5626254502271506
404,AAA,291028,NA,NA,NA,NA,NA,NA,NA,NA,NA,NA
405,CTG,294774,NA,NA,NA,NA,NA,NA,NA,NA,NA,NA
406,GAG,294220,NA,NA,NA,NA,NA,NA,NA,NA,NA,NA
407,GAC,293535,NA,NA,NA,NA,NA,NA,NA,NA,NA,NA
408,GCA,294207,NA,NA,NA,NA,NA,NA,NA,NA,NA,NA
409,GTG,297985,NA,NA,NA,NA,NA,NA,NA,NA,NA,NA
410,TAC,294425,NA,NA,NA,NA,NA,NA,NA,NA,NA,NA
411,GGT,295367,NA,NA,NA,NA,NA,NA,NA,NA,NA,NA
412,ACC,288208,NA,NA,NA,NA,NA,NA,NA,NA,NA,NA
413,GAG,285817,NA,NA,NA,NA,NA,NA,NA,NA,NA,NA
414,GGT,283904,NA,NA,NA,NA,NA,NA,NA,NA,NA,NA
415,CTT,277217,NA,NA,NA,NA,NA,NA,NA,NA,NA,NA
416,GAG,279312,NA,NA,NA,NA,NA,NA,NA,NA,NA,NA
417,GCG,282282,NA,NA,NA,NA,NA,NA,NA,NA,NA,NA
418,CTT,280828,NA,NA,NA,NA,NA,NA,NA,NA,NA,NA
419,GAT,279239,NA,NA,NA,NA,NA,NA,NA,NA,NA,NA
420,CTA,279975,NA,NA,NA,NA,NA,NA,NA,NA,NA,NA
421,ACA,278666,NA,NA,NA,NA,NA,NA,NA,NA,NA,NA
422,ACG,276965,NA,NA,NA,NA,NA,NA,NA,NA,NA,NA
423,AGT,278904,NA,NA,NA,NA,NA,NA,NA,NA,NA,NA
424,GCC,279710,NA,NA,NA,NA,NA,NA,NA,NA,NA,NA
425,GGT,281574,NA,NA,NA,NA,NA,NA,NA,NA,NA,NA
426,TAC,282695,NA,NA,NA,NA,NA,NA,NA,NA,NA,NA
427,CCA,284130,NA,NA,NA,NA,NA,NA,NA,NA,NA,NA
428,TAT,283535,NA,NA,NA,NA,NA,NA,NA,NA,NA,NA
429,GTT,279254,NA,NA,NA,NA,NA,NA,NA,NA,NA,NA
430,GCA,281369,NA,NA,NA,NA,NA,NA,NA,NA,NA,NA
431,CTG,284737,NA,NA,NA,NA,NA,NA,NA,NA,NA,NA
432,GGT,283027,NA,NA,NA,NA,NA,NA,NA,NA,NA,NA
433,ATC,276904,NA,NA,NA,NA,NA,NA,NA,NA,NA,NA
434,AAG,275467,NA,NA,NA,NA,NA,NA,NA,NA,NA,NA
435,AAG,279287,NA,NA,NA,NA,NA,NA,NA,NA,NA,NA
436,AGG,273919,NA,NA,NA,NA,NA,NA,NA,NA,NA,NA
437,GAC,270044,NA,NA,NA,NA,NA,NA,NA,NA,NA,NA
438,ATC,277532,NA,NA,NA,NA,NA,NA,NA,NA,NA,NA
439,CTC,280261,NA,NA,NA,NA,NA,NA,NA,NA,NA,NA
440,TCT,279418,NA,NA,NA,NA,NA,NA,NA,NA,NA,NA
441,AAG,276041,NA,NA,NA,NA,NA,NA,NA,NA,NA,NA
442,AAG,279652,NA,NA,NA,NA,NA,NA,NA,NA,NA,NA
443,ACT,278781,NA,NA,NA,NA,NA,NA,NA,NA,NA,NA
444,AAG,279459,NA,NA,NA,NA,NA,NA,NA,NA,NA,NA
445,GAC,286840,NA,NA,NA,NA,NA,NA,NA,NA,NA,NA
446,CTA,289307,NA,NA,NA,NA,NA,NA,NA,NA,NA,NA
447,ACA,287475,NA,NA,NA,NA,NA,NA,NA,NA,NA,NA
448,AAG,291695,NA,NA,NA,NA,NA,NA,NA,NA,NA,NA
449,TTA,288625,NA,NA,NA,NA,NA,NA,NA,NA,NA,NA
450,AAG,291859,NA,NA,NA,NA,NA,NA,NA,NA,NA,NA
451,GAA,295152,NA,NA,NA,NA,NA,NA,NA,NA,NA,NA
452,TGT,301256,NA,NA,NA,NA,NA,NA,NA,NA,NA,NA
453,ATG,300044,NA,NA,NA,NA,NA,NA,NA,NA,NA,NA
454,GAC,305824,NA,NA,NA,NA,NA,NA,NA,NA,NA,NA
455,AAG,302643,---,K,-,0,167470,1,135174,1,302644,1.5371894609670953
456,TAT,302167,NA,NA,NA,NA,NA,NA,NA,NA,NA,NA
457,GGC,302740,NA,NA,NA,NA,NA,NA,NA,NA,NA,NA
458,CTG,302691,NA,NA,NA,NA,NA,NA,NA,NA,NA,NA
459,AAC,303686,NA,NA,NA,NA,NA,NA,NA,NA,NA,NA
460,CTA,301001,NA,NA,NA,NA,NA,NA,NA,NA,NA,NA
461,CCA,301726,NA,NA,NA,NA,NA,NA,NA,NA,NA,NA
462,ATG,302552,NA,NA,NA,NA,NA,NA,NA,NA,NA,NA
463,GTG,304327,NA,NA,NA,NA,NA,NA,NA,NA,NA,NA
464,ACT,307564,NA,NA,NA,NA,NA,NA,NA,NA,NA,NA
465,TAT,307007,NA,NA,NA,NA,NA,NA,NA,NA,NA,NA
466,GTA,306481,NA,NA,NA,NA,NA,NA,NA,NA,NA,NA
467,AAA,303959,NA,NA,NA,NA,NA,NA,NA,NA,NA,NA
468,GAT,304400,NA,NA,NA,NA,NA,NA,NA,NA,NA,NA
469,GAG,301663,NA,NA,NA,NA,NA,NA,NA,NA,NA,NA
470,CTC,301864,NA,NA,NA,NA,NA,NA,NA,NA,NA,NA
471,AGG,306584,NA,NA,NA,NA,NA,NA,NA,NA,NA,NA
472,TCC,304537,NA,NA,NA,NA,NA,NA,NA,NA,NA,NA
473,ATA,300374,NA,NA,NA,NA,NA,NA,NA,NA,NA,NA
474,GAG,301694,NA,NA,NA,NA,NA,NA,NA,NA,NA,NA
475,AAG,306158,NA,NA,NA,NA,NA,NA,NA,NA,NA,NA
476,GTA,304509,NA,NA,NA,NA,NA,NA,NA,NA,NA,NA
477,GCG,304891,NA,NA,NA,NA,NA,NA,NA,NA,NA,NA
478,AAA,304789,NA,NA,NA,NA,NA,NA,NA,NA,NA,NA
479,GGA,305690,NA,NA,NA,NA,NA,NA,NA,NA,NA,NA
480,AAG,302176,NA,NA,NA,NA,NA,NA,NA,NA,NA,NA
481,TCT,300776,NA,NA,NA,NA,NA,NA,NA,NA,NA,NA
482,AGG,303729,NA,NA,NA,NA,NA,NA,NA,NA,NA,NA
483,CTG,304869,NA,NA,NA,NA,NA,NA,NA,NA,NA,NA
484,ATT,304874,NA,NA,NA,NA,NA,NA,NA,NA,NA,NA
485,GAG,303814,NA,NA,NA,NA,NA,NA,NA,NA,NA,NA
486,GCG,304790,NA,NA,NA,NA,NA,NA,NA,NA,NA,NA
487,TCC,305749,NA,NA,NA,NA,NA,NA,NA,NA,NA,NA
488,AGT,305808,NA,NA,NA,NA,NA,NA,NA,NA,NA,NA
489,TTG,305819,NA,NA,NA,NA,NA,NA,NA,NA,NA,NA
490,AAT,301798,NA,NA,NA,NA,NA,NA,NA,NA,NA,NA
491,GAT,300561,NA,NA,NA,NA,NA,NA,NA,NA,NA,NA
492,TCA,297817,NA,NA,NA,NA,NA,NA,NA,NA,NA,NA
493,GTG,295264,NA,NA,NA,NA,NA,NA,NA,NA,NA,NA
494,GCG,291155,NA,NA,NA,NA,NA,NA,NA,NA,NA,NA
495,ATG,291907,NA,NA,NA,NA,NA,NA,NA,NA,NA,NA
496,AGA,285799,NA,NA,NA,NA,NA,NA,NA,NA,NA,NA
497,CAG,283313,NA,NA,NA,NA,NA,NA,NA,NA,NA,NA
498,ACA,283383,NA,NA,NA,NA,NA,NA,NA,NA,NA,NA
499,TTT,279949,NA,NA,NA,NA,NA,NA,NA,NA,NA,NA
500,GGT,280694,NA,NA,NA,NA,NA,NA,NA,NA,NA,NA
501,AAT,286787,NA,NA,NA,NA,NA,NA,NA,NA,NA,NA
502,CTG,287101,NA,NA,NA,NA,NA,NA,NA,NA,NA,NA
503,TAC,284529,NA,NA,NA,NA,NA,NA,NA,NA,NA,NA
504,AAA,282503,NA,NA,NA,NA,NA,NA,NA,NA,NA,NA
505,ACT,282222,NA,NA,NA,NA,NA,NA,NA,NA,NA,NA
506,TTC,283245,NA,NA,NA,NA,NA,NA,NA,NA,NA,NA
507,CAC,282984,NA,NA,NA,NA,NA,NA,NA,NA,NA,NA
508,CTA,284135,NA,NA,NA,NA,NA,NA,NA,NA,NA,NA
509,AAC,280848,NA,NA,NA,NA,NA,NA,NA,NA,NA,NA
510,CCA,279223,NA,NA,NA,NA,NA,NA,NA,NA,NA,NA
511,GGG,283275,NA,NA,NA,NA,NA,NA,NA,NA,NA,NA
512,GTT,287549,NA,NA,NA,NA,NA,NA,NA,NA,NA,NA
513,GTG,292230,NA,NA,NA,NA,NA,NA,NA,NA,NA,NA
514,ACT,295959,NA,NA,NA,NA,NA,NA,NA,NA,NA,NA
515,GGT,296100,NA,NA,NA,NA,NA,NA,NA,NA,NA,NA
516,AGT,290838,NA,NA,NA,NA,NA,NA,NA,NA,NA,NA
517,GCT,287070,NA,NA,NA,NA,NA,NA,NA,NA,NA,NA
518,GTT,286052,NA,NA,NA,NA,NA,NA,NA,NA,NA,NA
519,GGG,283617,NA,NA,NA,NA,NA,NA,NA,NA,NA,NA
520,TGT,284221,NA,NA,NA,NA,NA,NA,NA,NA,NA,NA
521,GAC,280836,NA,NA,NA,NA,NA,NA,NA,NA,NA,NA
522,CCA,275394,NA,NA,NA,NA,NA,NA,NA,NA,NA,NA
523,GAC,272994,NA,NA,NA,NA,NA,NA,NA,NA,NA,NA
524,CTC,269691,NA,NA,NA,NA,NA,NA,NA,NA,NA,NA
525,TTT,269596,NA,NA,NA,NA,NA,NA,NA,NA,NA,NA
526,TGG,271455,NA,NA,NA,NA,NA,NA,NA,NA,NA,NA
527,AGC,272118,---,S,-,0,127596,1,144523,1,272119,1.4153412157758802
528,AAG,272599,NA,NA,NA,NA,NA,NA,NA,NA,NA,NA
529,ATA,270216,NA,NA,NA,NA,NA,NA,NA,NA,NA,NA
530,CCA,267950,NA,NA,NA,NA,NA,NA,NA,NA,NA,NA
531,GTG,265795,NA,NA,NA,NA,NA,NA,NA,NA,NA,NA
532,ATG,270066,NA,NA,NA,NA,NA,NA,NA,NA,NA,NA
533,TTA,270694,NA,NA,NA,NA,NA,NA,NA,NA,NA,NA
534,GAT,269262,NA,NA,NA,NA,NA,NA,NA,NA,NA,NA
535,GGA,267430,NA,NA,NA,NA,NA,NA,NA,NA,NA,NA
536,CAT,269259,NA,NA,NA,NA,NA,NA,NA,NA,NA,NA
537,CTC,267682,NA,NA,NA,NA,NA,NA,NA,NA,NA,NA
538,ATA,266982,NA,NA,NA,NA,NA,NA,NA,NA,NA,NA
539,GCA,266722,NA,NA,NA,NA,NA,NA,NA,NA,NA,NA
540,TTT,264472,NA,NA,NA,NA,NA,NA,NA,NA,NA,NA
541,GAT,262929,NA,NA,NA,NA,NA,NA,NA,NA,NA,NA
542,TAC,262659,NA,NA,NA,NA,NA,NA,NA,NA,NA,NA
543,TCT,263782,NA,NA,NA,NA,NA,NA,NA,NA,NA,NA
544,GGG,259246,NA,NA,NA,NA,NA,NA,NA,NA,NA,NA
545,TAC,258904,NA,NA,NA,NA,NA,NA,NA,NA,NA,NA
546,GAT,256631,NA,NA,NA,NA,NA,NA,NA,NA,NA,NA
547,GCT,255800,NA,NA,NA,NA,NA,NA,NA,NA,NA,NA
548,AGC,253557,NA,NA,NA,NA,NA,NA,NA,NA,NA,NA
549,TTA,250941,NA,NA,NA,NA,NA,NA,NA,NA,NA,NA
550,AGC,247792,NA,NA,NA,NA,NA,NA,NA,NA,NA,NA
551,CCT,237801,NA,NA,NA,NA,NA,NA,NA,NA,NA,NA
552,GTC,237763,NA,NA,NA,NA,NA,NA,NA,NA,NA,NA
553,TGG,237538,NA,NA,NA,NA,NA,NA,NA,NA,NA,NA
554,TTT,237890,NA,NA,NA,NA,NA,NA,NA,NA,NA,NA
555,GCT,243829,NA,NA,NA,NA,NA,NA,NA,NA,NA,NA
556,TGC,244250,NA,NA,NA,NA,NA,NA,NA,NA,NA,NA
557,CTA,245456,NA,NA,NA,NA,NA,NA,NA,NA,NA,NA
558,AAA,243200,NA,NA,NA,NA,NA,NA,NA,NA,NA,NA
559,ATG,243381,NA,NA,NA,NA,NA,NA,NA,NA,NA,NA
560,TTA,242498,NA,NA,NA,NA,NA,NA,NA,NA,NA,NA
561,CTT,239483,NA,NA,NA,NA,NA,NA,NA,NA,NA,NA
562,GAG,240605,NA,NA,NA,NA,NA,NA,NA,NA,NA,NA
563,AAG,241165,NA,NA,NA,NA,NA,NA,NA,NA,NA,NA
564,CTT,241270,NA,NA,NA,NA,NA,NA,NA,NA,NA,NA
565,GGA,240543,NA,NA,NA,NA,NA,NA,NA,NA,NA,NA
566,TAC,244196,NA,NA,NA,NA,NA,NA,NA,NA,NA,NA
567,ACG,245358,NA,NA,NA,NA,NA,NA,NA,NA,NA,NA
568,CAC,244813,---,H,-,6,119914,7,124912,13,244826,0.790134469894388
569,AAA,245934,---,K,-,4,119922,2,126018,6,245940,1.3038282223251931
570,GAG,246587,NA,NA,NA,NA,NA,NA,NA,NA,NA,NA
571,ACA,243789,NA,NA,NA,NA,NA,NA,NA,NA,NA,NA
572,AAC,244761,NA,NA,NA,NA,NA,NA,NA,NA,NA,NA
573,TAC,250902,NA,NA,NA,NA,NA,NA,NA,NA,NA,NA
574,ATT,250577,NA,NA,NA,NA,NA,NA,NA,NA,NA,NA
575,GAC,250042,NA,NA,NA,NA,NA,NA,NA,NA,NA,NA
576,TAC,252688,NA,NA,NA,NA,NA,NA,NA,NA,NA,NA
577,TTG,255141,NA,NA,NA,NA,NA,NA,NA,NA,NA,NA
578,TGC,253615,NA,NA,NA,NA,NA,NA,NA,NA,NA,NA
579,AAC,255373,NA,NA,NA,NA,NA,NA,NA,NA,NA,NA
580,TCC,253805,NA,NA,NA,NA,NA,NA,NA,NA,NA,NA
581,CAT,252088,NA,NA,NA,NA,NA,NA,NA,NA,NA,NA
582,CAC,250840,NA,NA,NA,NA,NA,NA,NA,NA,NA,NA
583,CTG,252598,NA,NA,NA,NA,NA,NA,NA,NA,NA,NA
584,TAC,256780,NA,NA,NA,NA,NA,NA,NA,NA,NA,NA
585,AGG,258555,NA,NA,NA,NA,NA,NA,NA,NA,NA,NA
586,GAT,260500,NA,NA,NA,NA,NA,NA,NA,NA,NA,NA
587,AAA,254792,NA,NA,NA,NA,NA,NA,NA,NA,NA,NA
588,CAT,253042,NA,NA,NA,NA,NA,NA,NA,NA,NA,NA
589,TAC,254808,NA,NA,NA,NA,NA,NA,NA,NA,NA,NA
590,TTT,249101,NA,NA,NA,NA,NA,NA,NA,NA,NA,NA
591,GTG,250259,NA,NA,NA,NA,NA,NA,NA,NA,NA,NA
592,AGG,250858,NA,NA,NA,NA,NA,NA,NA,NA,NA,NA
593,GGT,249863,NA,NA,NA,NA,NA,NA,NA,NA,NA,NA
594,GGC,243416,NA,NA,NA,NA,NA,NA,NA,NA,NA,NA
595,ATG,241523,NA,NA,NA,NA,NA,NA,NA,NA,NA,NA
596,CCC,243244,NA,NA,NA,NA,NA,NA,NA,NA,NA,NA
597,TCG,236876,NA,NA,NA,NA,NA,NA,NA,NA,NA,NA
598,GGA,234893,NA,NA,NA,NA,NA,NA,NA,NA,NA,NA
599,TGT,235853,NA,NA,NA,NA,NA,NA,NA,NA,NA,NA
600,TCT,239233,NA,NA,NA,NA,NA,NA,NA,NA,NA,NA
601,GGT,238602,NA,NA,NA,NA,NA,NA,NA,NA,NA,NA
602,ACC,238188,NA,NA,NA,NA,NA,NA,NA,NA,NA,NA
603,AGT,238653,NA,NA,NA,NA,NA,NA,NA,NA,NA,NA
604,ATT,238177,NA,NA,NA,NA,NA,NA,NA,NA,NA,NA
605,TTC,235835,NA,NA,NA,NA,NA,NA,NA,NA,NA,NA
606,AAC,235074,NA,NA,NA,NA,NA,NA,NA,NA,NA,NA
607,TCA,235530,NA,NA,NA,NA,NA,NA,NA,NA,NA,NA
608,ATG,235976,NA,NA,NA,NA,NA,NA,NA,NA,NA,NA
609,ATT,234760,NA,NA,NA,NA,NA,NA,NA,NA,NA,NA
610,AAC,237921,NA,NA,NA,NA,NA,NA,NA,NA,NA,NA
611,AAT,240340,NA,NA,NA,NA,NA,NA,NA,NA,NA,NA
612,ATC,239523,NA,NA,NA,NA,NA,NA,NA,NA,NA,NA
613,ATA,238741,NA,NA,NA,NA,NA,NA,NA,NA,NA,NA
614,ATT,241262,NA,NA,NA,NA,NA,NA,NA,NA,NA,NA
615,AGG,241698,NA,NA,NA,NA,NA,NA,NA,NA,NA,NA
616,ACA,241051,NA,NA,NA,NA,NA,NA,NA,NA,NA,NA
617,CTA,244123,NA,NA,NA,NA,NA,NA,NA,NA,NA,NA
618,ATG,244058,NA,NA,NA,NA,NA,NA,NA,NA,NA,NA
619,CTA,247926,NA,NA,NA,NA,NA,NA,NA,NA,NA,NA
620,AAA,250028,NA,NA,NA,NA,NA,NA,NA,NA,NA,NA
621,GTG,249469,NA,NA,NA,NA,NA,NA,NA,NA,NA,NA
622,TAC,244318,NA,NA,NA,NA,NA,NA,NA,NA,NA,NA
623,AAA,246931,NA,NA,NA,NA,NA,NA,NA,NA,NA,NA
624,GGG,247823,NA,NA,NA,NA,NA,NA,NA,NA,NA,NA
625,ATT,247666,NA,NA,NA,NA,NA,NA,NA,NA,NA,NA
626,GAC,248642,NA,NA,NA,NA,NA,NA,NA,NA,NA,NA
627,TTG,254918,NA,NA,NA,NA,NA,NA,NA,NA,NA,NA
628,GAC,256065,NA,NA,NA,NA,NA,NA,NA,NA,NA,NA
629,CAA,252806,NA,NA,NA,NA,NA,NA,NA,NA,NA,NA
630,TTC,253883,NA,NA,NA,NA,NA,NA,NA,NA,NA,NA
631,AGG,257350,NA,NA,NA,NA,NA,NA,NA,NA,NA,NA
632,ATG,256756,NA,NA,NA,NA,NA,NA,NA,NA,NA,NA
633,ATC,259311,NA,NA,NA,NA,NA,NA,NA,NA,NA,NA
634,GCA,256891,NA,NA,NA,NA,NA,NA,NA,NA,NA,NA
635,TAT,259742,NA,NA,NA,NA,NA,NA,NA,NA,NA,NA
636,GGT,258680,NA,NA,NA,NA,NA,NA,NA,NA,NA,NA
637,GAT,255862,NA,NA,NA,NA,NA,NA,NA,NA,NA,NA
638,GAT,256746,NA,NA,NA,NA,NA,NA,NA,NA,NA,NA
639,GTG,255290,NA,NA,NA,NA,NA,NA,NA,NA,NA,NA
640,ATC,255328,NA,NA,NA,NA,NA,NA,NA,NA,NA,NA
641,GCA,254089,NA,NA,NA,NA,NA,NA,NA,NA,NA,NA
642,TCG,253163,NA,NA,NA,NA,NA,NA,NA,NA,NA,NA
643,TAC,252357,NA,NA,NA,NA,NA,NA,NA,NA,NA,NA
644,CCA,251572,NA,NA,NA,NA,NA,NA,NA,NA,NA,NA
645,TGG,254089,NA,NA,NA,NA,NA,NA,NA,NA,NA,NA
646,CCT,255140,NA,NA,NA,NA,NA,NA,NA,NA,NA,NA
647,ATA,254038,NA,NA,NA,NA,NA,NA,NA,NA,NA,NA
648,GAT,256538,NA,NA,NA,NA,NA,NA,NA,NA,NA,NA
649,GCA,254193,NA,NA,NA,NA,NA,NA,NA,NA,NA,NA
650,TCT,253150,NA,NA,NA,NA,NA,NA,NA,NA,NA,NA
651,TTA,253896,NA,NA,NA,NA,NA,NA,NA,NA,NA,NA
652,CTC,252661,NA,NA,NA,NA,NA,NA,NA,NA,NA,NA
653,GCT,250797,NA,NA,NA,NA,NA,NA,NA,NA,NA,NA
654,GAA,251896,NA,NA,NA,NA,NA,NA,NA,NA,NA,NA
655,GCT,249167,NA,NA,NA,NA,NA,NA,NA,NA,NA,NA
656,GGT,246979,NA,NA,NA,NA,NA,NA,NA,NA,NA,NA
657,AAG,247655,NA,NA,NA,NA,NA,NA,NA,NA,NA,NA
658,GGT,248011,NA,NA,NA,NA,NA,NA,NA,NA,NA,NA
659,TAC,246017,NA,NA,NA,NA,NA,NA,NA,NA,NA,NA
660,GGG,245279,NA,NA,NA,NA,NA,NA,NA,NA,NA,NA
661,CTG,249500,NA,NA,NA,NA,NA,NA,NA,NA,NA,NA
662,ATC,245360,NA,NA,NA,NA,NA,NA,NA,NA,NA,NA
663,ATG,243998,NA,NA,NA,NA,NA,NA,NA,NA,NA,NA
664,ACA,243937,NA,NA,NA,NA,NA,NA,NA,NA,NA,NA
665,CCA,243410,NA,NA,NA,NA,NA,NA,NA,NA,NA,NA
666,GCA,237621,NA,NA,NA,NA,NA,NA,NA,NA,NA,NA
667,GAT,235319,NA,NA,NA,NA,NA,NA,NA,NA,NA,NA
668,AAG,235401,NA,NA,NA,NA,NA,NA,NA,NA,NA,NA
669,GGA,231021,NA,NA,NA,NA,NA,NA,NA,NA,NA,NA
670,GAG,231359,NA,NA,NA,NA,NA,NA,NA,NA,NA,NA
671,TGC,231802,NA,NA,NA,NA,NA,NA,NA,NA,NA,NA
672,TTT,232718,NA,NA,NA,NA,NA,NA,NA,NA,NA,NA
673,AAC,232108,NA,NA,NA,NA,NA,NA,NA,NA,NA,NA
674,GAA,229307,NA,NA,NA,NA,NA,NA,NA,NA,NA,NA
675,GTT,227464,NA,NA,NA,NA,NA,NA,NA,NA,NA,NA
676,ACC,227015,NA,NA,NA,NA,NA,NA,NA,NA,NA,NA
677,TGG,228665,NA,NA,NA,NA,NA,NA,NA,NA,NA,NA
678,ACC,229561,NA,NA,NA,NA,NA,NA,NA,NA,NA,NA
679,AAC,226897,NA,NA,NA,NA,NA,NA,NA,NA,NA,NA
680,GCC,224247,NA,NA,NA,NA,NA,NA,NA,NA,NA,NA
681,ACT,227619,NA,NA,NA,NA,NA,NA,NA,NA,NA,NA
682,TTC,224622,NA,NA,NA,NA,NA,NA,NA,NA,NA,NA
683,CTA,226308,NA,NA,NA,NA,NA,NA,NA,NA,NA,NA
684,AAG,224123,NA,NA,NA,NA,NA,NA,NA,NA,NA,NA
685,AGG,225380,NA,NA,NA,NA,NA,NA,NA,NA,NA,NA
686,TAT,223288,---,Y,-,0,109227,1,114062,1,223289,1.5407470848889715
687,TTT,224803,NA,NA,NA,NA,NA,NA,NA,NA,NA,NA
688,AGA,229425,NA,NA,NA,NA,NA,NA,NA,NA,NA,NA
689,GCA,227786,NA,NA,NA,NA,NA,NA,NA,NA,NA,NA
690,GAT,228943,NA,NA,NA,NA,NA,NA,NA,NA,NA,NA
691,GAA,225245,NA,NA,NA,NA,NA,NA,NA,NA,NA,NA
692,CAG,229470,NA,NA,NA,NA,NA,NA,NA,NA,NA,NA
693,TAC,229253,NA,NA,NA,NA,NA,NA,NA,NA,NA,NA
694,CCC,230453,NA,NA,NA,NA,NA,NA,NA,NA,NA,NA
695,TTC,232963,NA,NA,NA,NA,NA,NA,NA,NA,NA,NA
696,CTG,231881,NA,NA,NA,NA,NA,NA,NA,NA,NA,NA
697,GTG,233220,NA,NA,NA,NA,NA,NA,NA,NA,NA,NA
698,CAT,240549,NA,NA,NA,NA,NA,NA,NA,NA,NA,NA
699,CCT,244974,NA,NA,NA,NA,NA,NA,NA,NA,NA,NA
700,GTT,247895,NA,NA,NA,NA,NA,NA,NA,NA,NA,NA
701,ATG,249366,NA,NA,NA,NA,NA,NA,NA,NA,NA,NA
702,CCC,254619,NA,NA,NA,NA,NA,NA,NA,NA,NA,NA
703,ATG,256659,NA,NA,NA,NA,NA,NA,NA,NA,NA,NA
704,AAA,257532,NA,NA,NA,NA,NA,NA,NA,NA,NA,NA
705,GAC,262684,NA,NA,NA,NA,NA,NA,NA,NA,NA,NA
706,ATA,265615,NA,NA,NA,NA,NA,NA,NA,NA,NA,NA
707,CAC,268065,NA,NA,NA,NA,NA,NA,NA,NA,NA,NA
708,GAA,274667,NA,NA,NA,NA,NA,NA,NA,NA,NA,NA
709,TCA,273352,NA,NA,NA,NA,NA,NA,NA,NA,NA,NA
710,ATT,276878,NA,NA,NA,NA,NA,NA,NA,NA,NA,NA
711,AGA,278719,NA,NA,NA,NA,NA,NA,NA,NA,NA,NA
712,TGG,282639,NA,NA,NA,NA,NA,NA,NA,NA,NA,NA
713,ACC,283898,NA,NA,NA,NA,NA,NA,NA,NA,NA,NA
714,AAG,286498,NA,NA,NA,NA,NA,NA,NA,NA,NA,NA
715,GAT,295857,NA,NA,NA,NA,NA,NA,NA,NA,NA,NA
716,CCA,301023,NA,NA,NA,NA,NA,NA,NA,NA,NA,NA
717,AAG,303189,NA,NA,NA,NA,NA,NA,NA,NA,NA,NA
718,AAC,318663,NA,NA,NA,NA,NA,NA,NA,NA,NA,NA
719,ACC,320316,NA,NA,NA,NA,NA,NA,NA,NA,NA,NA
720,CAA,325816,NA,NA,NA,NA,NA,NA,NA,NA,NA,NA
721,GAT,339961,NA,NA,NA,NA,NA,NA,NA,NA,NA,NA
722,CAC,342519,NA,NA,NA,NA,NA,NA,NA,NA,NA,NA
723,GTG,348985,NA,NA,NA,NA,NA,NA,NA,NA,NA,NA
724,CGC,360997,NA,NA,NA,NA,NA,NA,NA,NA,NA,NA
725,TCA,363213,NA,NA,NA,NA,NA,NA,NA,NA,NA,NA
726,CTG,364142,NA,NA,NA,NA,NA,NA,NA,NA,NA,NA
727,TGT,362922,NA,NA,NA,NA,NA,NA,NA,NA,NA,NA
728,CTA,364183,NA,NA,NA,NA,NA,NA,NA,NA,NA,NA
729,TTA,373768,---,L,-,2,287830,0,85940,2,373770,0.5890958022297443
730,GCT,379134,NA,NA,NA,NA,NA,NA,NA,NA,NA,NA
731,TGG,375233,NA,NA,NA,NA,NA,NA,NA,NA,NA,NA
732,CAT,373877,NA,NA,NA,NA,NA,NA,NA,NA,NA,NA
733,AAC,376291,NA,NA,NA,NA,NA,NA,NA,NA,NA,NA
734,GGG,379651,NA,NA,NA,NA,NA,NA,NA,NA,NA,NA
735,GAG,377639,NA,NA,NA,NA,NA,NA,NA,NA,NA,NA
736,CAC,374974,NA,NA,NA,NA,NA,NA,NA,NA,NA,NA
737,GAA,377989,NA,NA,NA,NA,NA,NA,NA,NA,NA,NA
738,TAT,382587,NA,NA,NA,NA,NA,NA,NA,NA,NA,NA
739,GAG,380140,NA,NA,NA,NA,NA,NA,NA,NA,NA,NA
740,GAG,380325,NA,NA,NA,NA,NA,NA,NA,NA,NA,NA
741,TTC,381268,NA,NA,NA,NA,NA,NA,NA,NA,NA,NA
742,ATC,382684,NA,NA,NA,NA,NA,NA,NA,NA,NA,NA
743,CGT,390428,NA,NA,NA,NA,NA,NA,NA,NA,NA,NA
744,AAA,387187,NA,NA,NA,NA,NA,NA,NA,NA,NA,NA
745,ATT,389585,NA,NA,NA,NA,NA,NA,NA,NA,NA,NA
746,AGA,390349,NA,NA,NA,NA,NA,NA,NA,NA,NA,NA
747,AGC,383864,NA,NA,NA,NA,NA,NA,NA,NA,NA,NA
748,GTC,387862,NA,NA,NA,NA,NA,NA,NA,NA,NA,NA
749,CCA,383287,NA,NA,NA,NA,NA,NA,NA,NA,NA,NA
750,GTC,387570,NA,NA,NA,NA,NA,NA,NA,NA,NA,NA
751,GGA,386396,NA,NA,NA,NA,NA,NA,NA,NA,NA,NA
752,CGT,390980,NA,NA,NA,NA,NA,NA,NA,NA,NA,NA
753,TGT,394721,NA,NA,NA,NA,NA,NA,NA,NA,NA,NA
754,TTG,389825,NA,NA,NA,NA,NA,NA,NA,NA,NA,NA
755,ACC,548559,NA,NA,NA,NA,NA,NA,NA,NA,NA,NA
756,CTC,547120,NA,NA,NA,NA,NA,NA,NA,NA,NA,NA
757,CCC,539081,NA,NA,NA,NA,NA,NA,NA,NA,NA,NA
758,GCG,547767,NA,NA,NA,NA,NA,NA,NA,NA,NA,NA
759,TTT,547259,NA,NA,NA,NA,NA,NA,NA,NA,NA,NA
760,TCA,563598,NA,NA,NA,NA,NA,NA,NA,NA,NA,NA
761,ACT,556036,NA,NA,NA,NA,NA,NA,NA,NA,NA,NA
762,CTA,564927,NA,NA,NA,NA,NA,NA,NA,NA,NA,NA
763,CGC,560772,NA,NA,NA,NA,NA,NA,NA,NA,NA,NA
764,AGG,565332,NA,NA,NA,NA,NA,NA,NA,NA,NA,NA
765,AAA,555679,NA,NA,NA,NA,NA,NA,NA,NA,NA,NA
766,TGG,569306,NA,NA,NA,NA,NA,NA,NA,NA,NA,NA
767,TTG,563075,NA,NA,NA,NA,NA,NA,NA,NA,NA,NA
768,GAC,558574,NA,NA,NA,NA,NA,NA,NA,NA,NA,NA
769,TCC,559432,NA,NA,NA,NA,NA,NA,NA,NA,NA,NA
770,TTT,562693,NA,NA,NA,NA,NA,NA,NA,NA,NA,NA
